<?xml version="1.0"?>
<resource>
 <requires file="road-tiles.xml" />
 <rectmap id="map0" tile_size="128x128" origin="0,0,0">
  <column>
    <cell tile="bl" />
    <cell tile="vl" />
    <cell tile="vl" />
    <cell tile="vl" />
    <cell tile="vl" />
    <cell tile="tl" />
  </column>
  <column>
    <cell tile="bh" />
    <cell tile="bli" />
    <cell tile="vr" />
    <cell tile="vr" />
    <cell tile="tli" />
    <cell tile="th" />
  </column>
  <column>
    <cell tile="bh" />
    <cell tile="th" />
    <cell tile="empty" />
    <cell tile="empty" />
    <cell tile="bh" />
    <cell tile="th" />
  </column>
  <column>
    <cell tile="bh" />
    <cell tile="th" />
    <cell tile="empty" />
    <cell tile="empty" />
    <cell tile="bh" />
    <cell tile="th" />
  </column>
  <column>
    <cell tile="bh" />
    <cell tile="bri" />
    <cell tile="vl" />
    <cell tile="vl" />
    <cell tile="tri" />
    <cell tile="th" />
  </column>
  <column>
    <cell tile="br" />
    <cell tile="vr" />
    <cell tile="vr" />
    <cell tile="vr" />
    <cell tile="vr" />
    <cell tile="tr" />
  </column>
 </rectmap>
</resource>
